{"val_accuracy":97.68333333333334,"_timestamp":1.7715381789239821e+09,"_runtime":49,"val_loss":0.0346373687120391,"epoch":10,"train_loss":0.021513308399354888,"train_accuracy":99,"_wandb":{"runtime":49},"_step":9}