{"train_loss":0.365592771732108,"val_loss":0.4222038898695082,"_step":9,"train_accuracy":87.67222222222222,"_wandb":{"runtime":48},"_runtime":48,"val_accuracy":87.75,"epoch":10,"_timestamp":1.7715332735137725e+09}