{"_timestamp":1.7715363452812e+09,"_wandb":{"runtime":42},"val_loss":0.042463485937482885,"val_accuracy":97.2,"epoch":10,"train_loss":0.021692682898893794,"_runtime":42,"_step":9,"train_accuracy":98.98333333333333}