{"_wandb":{"runtime":32},"_timestamp":1.771537446622956e+09,"_step":9,"epoch":10,"train_loss":0.008336412809395682,"train_accuracy":99.56296296296297,"val_accuracy":97.96666666666667,"_runtime":32,"val_loss":0.032594795003678956}