{"val_accuracy":97.18333333333334,"_timestamp":1.771537923255007e+09,"_step":9,"val_loss":0.08712203258270282,"epoch":10,"train_accuracy":98.99259259259259,"_wandb":{"runtime":77},"_runtime":77,"train_loss":0.03570606036025486}