{"_timestamp":1.771704809596569e+09,"train_loss":0.04834366597810642,"val_loss":0.08323351463509474,"_wandb":{"runtime":27},"train_accuracy":98.78333333333333,"_step":4,"_runtime":27,"epoch":5,"val_accuracy":97.63333333333334}