{"_wandb":{"runtime":28},"train_accuracy":94.4888888888889,"_timestamp":1.7715330042086616e+09,"_step":9,"_runtime":28,"val_accuracy":94.56666666666666,"val_loss":0.08505234464330887,"epoch":10,"train_loss":0.08819537927115476}