{"_runtime":74,"train_accuracy":97.81666666666666,"_timestamp":1.771532681857394e+09,"_wandb":{"runtime":74},"val_accuracy":96.8,"_step":9,"val_loss":0.1074935977635658,"epoch":10,"train_loss":0.08868233776170321}