{"epoch":10,"val_loss":0.037551920114231786,"_timestamp":1.771537561608578e+09,"train_loss":0.014337325619482944,"train_accuracy":99.1888888888889,"_wandb":{"runtime":39},"_runtime":39,"val_accuracy":97.7,"_step":9}