{"_wandb":{"runtime":29},"train_loss":0.0464176715091995,"_timestamp":1.7715343518151345e+09,"epoch":5,"_runtime":29,"_step":4,"train_accuracy":97.44444444444444,"val_loss":0.049721081048217826,"val_accuracy":96.68333333333334}