{"epoch":10,"val_loss":0.03689198025099681,"val_accuracy":97.61666666666666,"_wandb":{"runtime":49},"_runtime":49,"train_accuracy":99.24259259259259,"_step":9,"train_loss":0.011824535133457478,"_timestamp":1.7715385828765414e+09}