{"val_loss":0.03938224940018267,"epoch":10,"_timestamp":1.7715336017721794e+09,"train_loss":0.022983437912028046,"train_accuracy":98.93703703703703,"_wandb":{"runtime":58},"val_accuracy":97.36666666666667,"_step":9,"_runtime":58}