{"_wandb":{"runtime":35},"train_loss":0.03765569238055047,"val_accuracy":97.16666666666667,"epoch":5,"val_loss":0.04398760538090457,"_step":4,"_timestamp":1.7715365821062517e+09,"_runtime":35,"train_accuracy":98.16851851851852}