{"train_loss":0.024143521265709598,"_runtime":40,"train_accuracy":98.8425925925926,"_step":9,"val_loss":0.039105767735657576,"epoch":10,"val_accuracy":97.61666666666666,"_wandb":{"runtime":40},"_timestamp":1.7715338513107827e+09}