{"_wandb":{"runtime":41},"_timestamp":1.771537983831666e+09,"val_loss":0.07843784674991779,"train_accuracy":98.87407407407407,"epoch":10,"val_accuracy":97.68333333333334,"_runtime":41,"_step":9,"train_loss":0.04653571209787218}