{"_wandb":{"runtime":14},"train_loss":0.8597462918377873,"_runtime":14,"val_loss":0.7917478988251093,"train_accuracy":23.442592592592593,"val_accuracy":23.549999999999997,"_step":4,"_timestamp":1.7715324174220219e+09,"epoch":5}