{"val_loss":0.08141887575407812,"train_accuracy":95.27037037037037,"val_accuracy":94.51666666666667,"epoch":10,"_wandb":{"runtime":31},"_step":9,"train_loss":0.07244651171189319,"_runtime":31,"_timestamp":1.7715327629014513e+09}