{"train_loss":0.12754944473412932,"train_accuracy":96.88333333333333,"val_accuracy":96.15,"_timestamp":1.77153841183317e+09,"_step":4,"_wandb":{"runtime":14},"val_loss":0.12624085232858087,"_runtime":14,"epoch":5}