{"_step":4,"val_accuracy":90.10000000000001,"_wandb":{"runtime":13},"epoch":5,"_runtime":13,"train_loss":0.3807798418589413,"val_loss":0.35430982380356335,"train_accuracy":89.83148148148148,"_timestamp":1.7717052614656017e+09}