{"_runtime":42,"epoch":10,"val_loss":0.03740811476733366,"val_accuracy":97.68333333333334,"_wandb":{"runtime":42},"_timestamp":1.771537505143254e+09,"_step":9,"train_accuracy":99.20370370370371,"train_loss":0.01205243449036351}