{"_wandb":{"runtime":54},"val_accuracy":97.15,"_step":9,"val_loss":0.041939893922923875,"_runtime":54,"train_accuracy":98.59444444444443,"epoch":10,"_timestamp":1.771534044497415e+09,"train_loss":0.02438575578180435}