{"_wandb":{"runtime":13},"val_loss":0.13511323232260575,"val_accuracy":96.06666666666666,"_runtime":13,"train_accuracy":96.52222222222223,"epoch":5,"_step":4,"train_loss":0.13719893114336035,"_timestamp":1.7717037761980183e+09}