{"_step":4,"val_loss":0.04919138682648029,"_wandb":{"runtime":37},"_runtime":37,"train_loss":0.045470944737294766,"_timestamp":1.7715361339479086e+09,"epoch":5,"val_accuracy":96.78333333333333,"train_accuracy":97.67222222222223}