{"_wandb":{"runtime":14},"val_loss":0.12841788385338118,"train_loss":0.1322640945572792,"_runtime":14,"_timestamp":1.7717053294455962e+09,"epoch":5,"train_accuracy":96.75185185185185,"_step":4,"val_accuracy":96.41666666666666}