{"val_loss":0.13698805775192308,"train_accuracy":96.82037037037037,"_runtime":67,"_timestamp":1.771536905616358e+09,"_wandb":{"runtime":67},"train_loss":0.1257843796835688,"val_accuracy":96.15,"_step":9,"epoch":10}