{"_step":4,"train_accuracy":98.81666666666666,"val_accuracy":97.08333333333333,"epoch":5,"train_loss":0.026477203563201126,"val_loss":0.04264366025816358,"_wandb":{"runtime":35},"_timestamp":1.7715333254129496e+09,"_runtime":35}