{"val_accuracy":88.13333333333333,"epoch":5,"val_loss":0.18225786871369798,"train_loss":0.19786873168177496,"_wandb":{"runtime":14},"train_accuracy":88.10185185185185,"_runtime":14,"_timestamp":1.7715373371358366e+09,"_step":4}