{"_wandb":{"runtime":87},"epoch":10,"_runtime":87,"val_loss":0.06932540841587735,"val_accuracy":95.73333333333333,"_step":9,"train_loss":0.06974851723768133,"_timestamp":1.771533151238746e+09,"train_accuracy":96.28518518518518}