{"epoch":10,"_wandb":{"runtime":42},"val_loss":0.08481160414401909,"train_loss":0.047804527939026134,"train_accuracy":98.9,"val_accuracy":97.5,"_timestamp":1.7715351007950602e+09,"_runtime":42,"_step":9}