{"train_loss":0.41911172490757376,"_wandb":{"runtime":25},"val_loss":0.368844987872658,"val_accuracy":68.11666666666667,"_timestamp":1.771532459065048e+09,"train_accuracy":67.71296296296296,"epoch":5,"_runtime":25,"_step":4}