{"val_loss":0.035594724317860184,"epoch":10,"train_loss":0.02228433368167587,"_runtime":44,"val_accuracy":97.61666666666666,"_wandb":{"runtime":44},"train_accuracy":98.95185185185184,"_step":9,"_timestamp":1.7715373988879547e+09}