{"val_accuracy":97.23333333333333,"_step":4,"train_accuracy":98.24444444444444,"_wandb":{"runtime":30},"_timestamp":1.7715351476311698e+09,"epoch":5,"_runtime":30,"train_loss":0.036068044059211886,"val_loss":0.04215196217063262}