{"val_accuracy":95.33333333333334,"train_loss":0.0690829232864889,"_wandb":{"runtime":45},"epoch":10,"train_accuracy":95.89444444444445,"_step":9,"_runtime":45,"_timestamp":1.7715364513040206e+09,"val_loss":0.0707385660950388}