{"val_loss":0.035550971543013246,"train_accuracy":99.23148148148148,"_timestamp":1.771535235190241e+09,"val_accuracy":97.65,"epoch":10,"_wandb":{"runtime":69},"_runtime":69,"_step":9,"train_loss":0.016367924901851648}