{"_timestamp":1.771536729504495e+09,"train_loss":0.03056421018928123,"train_accuracy":98.37407407407407,"val_accuracy":97.41666666666666,"_runtime":26,"epoch":10,"_wandb":{"runtime":26},"_step":9,"val_loss":0.039283548411691974}