{"val_loss":0.04107143171412926,"_runtime":29,"train_accuracy":98.45555555555555,"_timestamp":1.7715372057064924e+09,"train_loss":0.030686208518473944,"val_accuracy":97.3,"_wandb":{"runtime":29},"_step":9,"epoch":10}