{"train_accuracy":99.06296296296297,"_wandb":{"runtime":82},"_runtime":82,"val_accuracy":97.46666666666667,"_timestamp":1.7715346100682142e+09,"val_loss":0.04036934900652302,"epoch":10,"_step":9,"train_loss":0.01674119652833111}