{"epoch":5,"train_loss":0.046498582565178075,"_wandb":{"runtime":21},"val_loss":0.05026746625034098,"_runtime":21,"_timestamp":1.7715369454358394e+09,"train_accuracy":97.28518518518518,"val_accuracy":96.8,"_step":4}