{"_step":9,"train_accuracy":99.48148148148148,"_timestamp":1.771538655125917e+09,"val_loss":0.09396308615327792,"_wandb":{"runtime":56},"epoch":10,"train_loss":0.023383201061935914,"_runtime":56,"val_accuracy":98.1}