{"train_loss":0.02056423738215996,"epoch":10,"_timestamp":1.7715383796036952e+09,"val_accuracy":97.7,"val_loss":0.03597468657655765,"_wandb":{"runtime":89},"_step":9,"train_accuracy":99.09074074074074,"_runtime":89}