{"_wandb":{"runtime":115},"_timestamp":1.7715300457446706e+09,"train_loss":0.24706002244282116,"val_accuracy":88.78333333333333,"val_loss":0.31978972982030607,"_step":9,"_runtime":115,"epoch":10,"train_accuracy":91.20555555555555}