{"val_loss":0.0355186703556888,"val_accuracy":97.65,"_runtime":46,"_wandb":{"runtime":46},"epoch":10,"train_loss":0.023139293751266703,"_step":9,"_timestamp":1.7715334233129423e+09,"train_accuracy":98.92222222222222}