{"train_accuracy":99.36481481481482,"_runtime":80,"epoch":10,"_step":9,"val_accuracy":97.56666666666666,"_timestamp":1.7715354875690844e+09,"train_loss":0.015103084482743577,"_wandb":{"runtime":80},"val_loss":0.037947375126548936}