{"val_accuracy":96.13333333333334,"train_loss":0.13772559698556341,"val_loss":0.13753437976245497,"train_accuracy":96.61481481481482,"_wandb":{"runtime":13},"_timestamp":1.7717037252308044e+09,"_step":4,"epoch":5,"_runtime":13}