{"train_loss":0.4442010191312113,"_runtime":19,"_step":9,"val_accuracy":78.11666666666667,"val_loss":0.42520028878572264,"_wandb":{"runtime":19},"epoch":10,"train_accuracy":77.71851851851852,"_timestamp":1.7715325506563118e+09}