{"_runtime":44,"_timestamp":1.77153441090184e+09,"train_accuracy":99.20370370370371,"train_loss":0.017304965263846284,"val_loss":0.04451300449406195,"_wandb":{"runtime":44},"epoch":10,"val_accuracy":97.3,"_step":9}