{"val_loss":0.057930399069498976,"train_accuracy":97.07777777777777,"train_loss":0.05427666552758924,"val_accuracy":96.31666666666666,"epoch":10,"_step":9,"_wandb":{"runtime":58},"_timestamp":1.7715356216592896e+09,"_runtime":58}