{"val_loss":0.2088975113298384,"_timestamp":1.7715328208785963e+09,"_step":9,"epoch":10,"_wandb":{"runtime":36},"train_loss":0.2376610889787503,"_runtime":36,"val_accuracy":94.5,"train_accuracy":94.71851851851851}