{"val_loss":0.036372617164058395,"train_loss":0.023283777423022588,"_runtime":52,"val_accuracy":97.76666666666667,"_wandb":{"runtime":52},"train_accuracy":98.92592592592592,"_step":9,"_timestamp":1.771536079023273e+09,"epoch":10}