{"epoch":10,"train_loss":0.030851080406151886,"train_accuracy":98.29074074074074,"_runtime":31,"_timestamp":1.7715368210181484e+09,"val_loss":0.04233412775346206,"val_accuracy":97.23333333333333,"_step":9,"_wandb":{"runtime":31}}