{"_runtime":39,"train_loss":0.034072322666705415,"_wandb":{"runtime":39},"val_loss":0.048097003378428003,"_timestamp":1.771532515457982e+09,"val_accuracy":96.7,"_step":9,"epoch":10,"train_accuracy":98.18148148148148}