{"_runtime":37,"_step":9,"_wandb":{"runtime":37},"val_loss":0.0334922246393352,"epoch":10,"val_accuracy":97.81666666666666,"_timestamp":1.771538039033599e+09,"train_loss":0.011143050439008267,"train_accuracy":99.62037037037037}