{"val_loss":0.04037270607815555,"_timestamp":1.7715356973181536e+09,"train_loss":0.016228728744324166,"_wandb":{"runtime":59},"_runtime":59,"train_accuracy":99.01111111111112,"_step":9,"val_accuracy":97.38333333333333,"epoch":10}