{"_step":4,"train_loss":0.03644053282989729,"val_accuracy":97.15,"epoch":5,"val_loss":0.04336245579678014,"train_accuracy":97.88888888888889,"_timestamp":1.7715362854194434e+09,"_wandb":{"runtime":38},"_runtime":38}