{"_runtime":57,"_step":9,"val_loss":0.035942380088574775,"train_loss":0.02249805294725186,"val_accuracy":97.86666666666667,"_timestamp":1.7715343054472756e+09,"epoch":10,"_wandb":{"runtime":57},"train_accuracy":98.98148148148148}