{"epoch":5,"train_accuracy":97.8037037037037,"_step":4,"train_loss":0.03744649166867311,"_timestamp":1.7715327137118423e+09,"val_accuracy":96.38333333333333,"val_loss":0.0530112233223404,"_wandb":{"runtime":14},"_runtime":14}