{"val_accuracy":97.76666666666667,"_timestamp":1.771534756428255e+09,"train_accuracy":99.42037037037036,"_step":9,"train_loss":0.015593196465081307,"epoch":10,"_wandb":{"runtime":73},"val_loss":0.03504173414307985,"_runtime":73}