{"_step":9,"_wandb":{"runtime":71},"_runtime":71,"train_loss":0.03370224755224553,"val_loss":0.07623149981258827,"_timestamp":1.7715357852136023e+09,"train_accuracy":99.28148148148148,"epoch":10,"val_accuracy":97.89999999999999}