{"val_loss":0.040357681311033226,"epoch":10,"train_accuracy":99.05925925925926,"_step":9,"train_loss":0.016104112090003394,"val_accuracy":97.31666666666666,"_timestamp":1.7715336976561463e+09,"_runtime":79,"_wandb":{"runtime":79}}