{"train_loss":0.020988473528041524,"train_accuracy":99.05000000000001,"_runtime":81,"_step":9,"epoch":10,"val_loss":0.037264332750859726,"val_accuracy":97.41666666666666,"_timestamp":1.7715366860556104e+09,"_wandb":{"runtime":81}}