{"val_accuracy":97.3,"_timestamp":1.7715367743507476e+09,"epoch":10,"_step":9,"train_loss":0.030449188956425264,"_wandb":{"runtime":28},"train_accuracy":98.50555555555556,"val_loss":0.040186503518578394,"_runtime":28}